{
    "timestamp": "2025-12-06_20-28-15",
    "pipeline": "wasp1_python",
    "sample": "HG00731",
    "threads": 8,
    "step1_star_initial_s": 519.596920708,
    "step2_wasp1_find_intersecting_s": 2084.530689288,
    "step3_star_remap_s": 34.666146280,
    "step4_wasp1_filter_remapped_s": 42.474997003,
    "step5_merge_bams_s": 277.999170960,
    "wasp_only_s": 2405.004857251,
    "total_s": 2961.171837930,
    "total_mmss": "49:21",
    "snp2h5_preprocessing_s": 741.664933323,
    "comparison": {
        "star_wasp_s": 331.67
    }
}
