{
    "timestamp": "2025-12-15_03-43-24",
    "pipeline": "wasp2rust_snp_FIXED_v3",
    "sample": "NA12878",
    "data_type": "ATAC-seq",
    "threads": 8,
    "step1_filter_bam_s": 229.651165499,
    "step2_unified_make_reads_s": 13.733770922,
    "step2b_extract_to_remap_actual_s": 19.406729232,
    "step3_bwa_remap_s": 255.159142117,
    "step4_filter_remapped_s": 33.119829912,
    "step5_extract_keep_no_flip_s": 0.009609977,
    "step6_merge_bams_s": 552.240504218,
    "wasp_only_s": 848.161609760,
    "total_s": 1154.641023713,
    "original_reads": 159133683,
    "keep_reads": 149715574,
    "keep_no_flip_reads": 0,
    "remap_keep_reads": 8618978,
    "final_reads": 158334552,
    "pass_rate_percent": 99.49,
    "snv_count": 2176311
}
