{
    "timestamp": "2025-12-15_07-06-54",
    "pipeline": "wasp2rust_FAIR",
    "git_sha": "dcf1ccebbd1fe804403f51a1c50f167190732f22",
    "methodology": "LoadAndKeep genome caching, samtools index excluded from STAR timing",
    "sample": "HG00731",
    "data_type": "RNA-seq",
    "threads": 8,
    "wasp2_bam_threads": 0,
    "step1_star_initial_s": 821.663784693,
    "step1_bam_index_s": 33.085786639,
    "step2_filter_bam_s": 307.719623725,
    "step3_unified_make_reads_s": 6.096222195,
    "step4_star_remap_s": 20.842121507,
    "step5_filter_remapped_s": 9.228134811,
    "step6_merge_bams_s": 239.205171113,
    "star_only_s": 842.505906200,
    "wasp_only_s": 562.249151844,
    "total_s": 1496.878734192,
    "original_reads": 112509428,
    "keep_reads": 99055396,
    "remap_keep_reads": 2981330,
    "final_reads": 102036726,
    "pass_rate_percent": 90.69,
    "snv_count": 2484296
}
