{
    "timestamp": "2025-12-15_18-34-54",
    "pipeline": "wasp2rust_fair_snv",
    "git_sha": "515603d565eb6aaa467ef0c9d6ba76b850eda134",
    "methodology": "LoadAndKeep genome caching, samtools index excluded from STAR timing",
    "sample": "HG00731",
    "data_type": "RNA-seq",
    "threads": 8,
    "wasp2_bam_threads": 0,
    "step1_star_initial_s": 697.452820386,
    "step1_bam_index_s": 33.849500458,
    "step2_filter_bam_s": 366.810227904,
    "step3_unified_make_reads_s": 9.475994706,
    "step4_star_remap_s": 31.200665257,
    "step5_filter_remapped_s": 17.015354225,
    "step6_merge_bams_s": 489.492562339,
    "star_only_s": 728.653485643,
    "wasp_only_s": 882.794139174,
    "total_s": 1727.515961559,
    "original_reads": 112509428,
    "keep_reads": 99881894,
    "remap_keep_reads": 2827458,
    "final_reads": 102709352,
    "pass_rate_percent": 91.28,
    "snv_count": 2206785
}
