genotype_class	n_total	n_significant	ai_rate	ci_low	ci_high
het	200655	17343	0.08643193541152724	0.08521031077268676	0.08766939551581995
