genotype_class	n_total	n_significant	ai_rate	ci_low	ci_high
het	5452	463	0.08492296404988994	0.07781227208540786	0.09261818909220401
