feature	feature_value	n_total	n_significant	ai_rate	ci_low	ci_high	enrichment_or	enrichment_pval
In feature	True	1483	9	0.006068779501011463	0.0031960389488748745	0.011493891706818374	0.20766978504606157	0.999999999878586
Background	False	53883	1539	0.028561884082178052	0.02718866928732168	0.03000231664717406	1.0	1.0
