feature	feature_value	n_total	n_significant	ai_rate	ci_low	ci_high	enrichment_or	enrichment_pval
In feature	True	29650	1575	0.05311973018549747	0.05062431757670606	0.05573092780910595	1.9637843659233634	4.275467752713792e-54
Background	False	27508	764	0.027773738548785808	0.025896791459163408	0.029782563717118207	1.0	1.0
