n_testable	n_replicating	replication_rate	ci_low	ci_high	fdr_threshold	data_type	samples
240	109	0.45416666666666666	0.3923903596184157	0.5173871352799118	0.1	RNA-seq (eQTL)	137
15975	6698	0.41928012519561814	0.41164849463916114	0.42695056876228094	0.1	ATAC-seq (caQTL)	138
