method,threads,wall_time_sec
python_t1,1,6.8564748340286314
rust_t1,1,2.7026570980087854
rust_t8,8,2.7755933370208368
rust_t16,16,2.740182871988509
