method,wall_time_sec,threads,total_pairs,kept_pairs,removed_pairs,moved_fraction
python_t1,0.44473069999367,1,20000,16000,4000,0.2
rust_t1,0.41312310501234606,1,20000,16000,4000,0.2
rust_t8,0.10825832700356841,8,20000,16000,4000,0.2
rust_t16,0.09763968497281894,16,20000,16000,4000,0.2
